title,n_enrolled,Level,language,prices,category,course_duration
How to Learn Online,124980.0,Introductory,English,49.0,Education,4.0
Programming for Everybody (Getting Started with Python),293864.0,Introductory,English,49.0,Science,21.0
CS50's Introduction to Computer Science,2442271.0,Introductory,English,90.0,Science,144.0
The Analytics Edge,129555.0,Intermediate,English,199.0,Science,156.0
Marketing Analytics: Marketing Measurement Strategy,81140.0,Introductory,English,249.0,Science,24.0
Introduction to Project Management,301793.0,Introductory,English,199.0,Business,12.0
Leading High-Performing Teams,32847.0,Intermediate,English,5.0,Comunication,90.0
The Foundations of Happiness at Work,67073.0,Introductory,English,199.0,Business,8.0
"Managing Study, Stress and Mental Health at University",23061.0,Introductory,English,49.0,Health & Safety,4.0
Six Sigma: Define and Measure,92411.0,Introductory,English,99.0,Business,32.0
Fat Chance: Probability from the Ground Up,66835.0,Introductory,English,49.0,Education,28.0
Chasing your Dream: How to End Procrastination and Get a Job You Love,44711.0,Introductory,English,49.0,Comunication,20.0
Bitcoin and Cryptocurrencies,83398.0,Introductory,English,99.0,Science,24.0
English Grammar and Style,53209.0,Introductory,English,99.0,Education,32.0
Ethics in Action,6366.0,Intermediate,English,49.0,Education,30.0
Introduction to FinTech,72767.0,Introductory,English,199.0,Business,12.0
Data Science: R Basics,528782.0,Introductory,English,49.0,Science,16.0
Python Basics for Data Science,228809.0,Introductory,English,39.0,Science,20.0
The Science of Beer,39085.0,Introductory,English,49.0,Business,18.0
Strategic Social Media Marketing,103640.0,Advanced,English,399.0,Business,30.0
CS50's Introduction to Artificial Intelligence with Python,258006.0,Introductory,English,199.0,Science,140.0
CS50's Introduction to Game Development,346748.0,Intermediate,English,149.0,Science,96.0
Rhetoric: The Art of Persuasive Writing and Public Speaking,320225.0,Introductory,English,99.0,Education,16.0
CS50's Web Programming with Python and JavaScript,698950.0,Intermediate,English,90.0,Science,96.0
Contract Law: From Trust to Promise to Contract,414181.0,Intermediate,English,125.0,Business,32.0
"Fundamentals of Neuroscience, Part 1: The Electrical Properties of the Neuron",380167.0,Introductory,English,99.0,Education,20.0
Justice,392588.0,Introductory,English,99.0,Education,48.0
Data Science: Machine Learning,276209.0,Introductory,English,49.0,Science,24.0
Child Protection: Children's Rights in Theory and Practice,212453.0,Introductory,English,99.0,Education,64.0
IELTS Academic Test Preparation,1103777.0,Introductory,English,99.0,Comunication,64.0
The Architectural Imagination,406181.0,Introductory,English,99.0,Education,40.0
TOEFL® Test Preparation: The Insider’s Guide,1022489.0,Introductory,English,49.0,Comunication,18.0
Principles of Biochemistry,257600.0,Intermediate,English,199.0,Education,75.0
Using Python for Research,262183.0,Intermediate,English,99.0,Science,36.0
Hinduism Through Its Scriptures,140782.0,Introductory,English,99.0,Education,32.0
Basic Spanish 1: Getting Started,400169.0,Introductory,English,40.0,Comunication,28.0
The Health Effects of Climate Change,110024.0,Introductory,English,99.0,Education,28.0
Inglés básico: conversacional y networking,79671.0,Introductory,Spanish,49.0,Business,24.0
Statistics and R,314586.0,Intermediate,English,249.0,Science,12.0
Science & Cooking: From Haute Cuisine to Soft Matter Science (chemistry),145011.0,Introductory,English,199.0,Science,32.0
Pyramids of Giza: Ancient Egyptian Art and Archaeology,123870.0,Introductory,English,99.0,Education,24.0
"PredictionX: Omens, Oracles & Prophecies",91566.0,Introductory,English,25.0,Education,4.0
Excel: Fundamentos y herramientas,284279.0,Introductory,Spanish,50.0,Science,32.0
Lessons from Ebola: Preventing the Next Pandemic,91983.0,Introductory,English,49.0,Education,16.0
Improving Global Health: Focusing on Quality and Safety,127353.0,Intermediate,English,99.0,Education,30.0
CS50 for Lawyers,87336.0,Introductory,English,99.0,Science,40.0
Data Science: Visualization,171258.0,Introductory,English,49.0,Science,16.0
Christianity Through Its Scriptures,125051.0,Introductory,English,99.0,Education,32.0
The Science of Happiness,475614.0,Introductory,English,169.0,Education,44.0
Leaders of Learning,231131.0,Introductory,English,99.0,Comunication,30.0
Exercising Leadership: Foundational Principles,57814.0,Introductory,English,99.0,Business,8.0
Data Science: Probability,135859.0,Introductory,English,49.0,Science,16.0
Introduction to Data Wise: A Collaborative Process to Improve Learning & Teaching,117410.0,Intermediate,English,70.0,Education,20.0
"Prescription Drug Regulation, Cost, and Access: Current Controversies in Context",80082.0,Introductory,English,99.0,Education,32.0
Introduction to Family Engagement in Education,105146.0,Introductory,English,70.0,Education,18.0
Italian Language and Culture: Beginner (2019-2020),182462.0,Introductory,Italian,49.0,Education,48.0
Steps in Japanese for Beginners1 Part1,53630.0,Introductory,English,49.0,Education,20.0
How to Write an Essay,306787.0,Introductory,English,49.0,Education,30.0
Energy Within Environmental Constraints,95324.0,Introductory,English,99.0,Education,40.0
Introduction to Probability,97291.0,Intermediate,English,99.0,Science,80.0
AnatomyX: Musculoskeletal Cases,102075.0,Intermediate,English,99.0,Education,28.0
Data Science: Inference and Modeling,88256.0,Introductory,English,49.0,Science,16.0
Strengthening Community Health Worker Programs,58626.0,Introductory,English,79.0,Health & Safety,18.0
Buddhism Through Its Scriptures,182295.0,Introductory,English,99.0,Education,32.0
Introduction to Linux,642088.0,Introductory,English,199.0,Science,84.0
"Bioethics: The Law, Medicine, and Ethics of Reproductive Technologies and Genetics",81221.0,Introductory,English,99.0,Education,20.0
Shakespeare's Life and Work,48938.0,Introductory,English,49.0,Education,24.0
Marketing Digital: Content & Community Manager,112623.0,Introductory,Spanish,49.0,Comunication,20.0
Accounting and Finance,88243.0,Intermediate,English,150.0,Business,33.0
Computing in Python I: Fundamentals and Procedural Programming,141966.0,Introductory,English,99.0,Science,50.0
"Nutrition, Exercise and Sports",51679.0,Intermediate,English,49.0,Business,36.0
Becoming an Entrepreneur,104760.0,Introductory,English,69.0,Business,12.0
"Religion, Conflict and Peace",74060.0,Introductory,English,49.0,Education,48.0
"Tangible Things: Discovering History Through Artworks, Artifacts, Scientific Specimens, and the Stuff Around You",61139.0,Introductory,English,49.0,Education,20.0
Academic and Business Writing,322701.0,Introductory,English,49.0,Comunication,24.0
Data Science: Capstone,62803.0,Introductory,English,99.0,Science,36.0
Basics of Computing and Programming,37045.0,Introductory,English,200.0,Science,63.0
"Fundamentals of Neuroscience, Part 2: Neurons and Networks",84874.0,Introductory,English,99.0,Education,24.0
Successful Negotiation: Essential Strategies and Skills,31369.0,Introductory,English,49.0,Business,21.0
Data Science: Linear Regression,75310.0,Introductory,English,49.0,Science,16.0
HTML5 and CSS Fundamentals,335895.0,Introductory,English,199.0,Science,30.0
Data Science: Productivity Tools,66683.0,Introductory,English,49.0,Science,16.0
Introduction to Corporate Finance,98093.0,Introductory,English,225.0,Business,16.0
Computer Science 101,39540.0,Introductory,English,149.0,Science,30.0
Data Science: Wrangling,64584.0,Introductory,English,49.0,Science,16.0
A Hands-on Introduction to Engineering Simulations,187138.0,Intermediate,English,199.0,Science,30.0
AI for Everyone: Master the Basics,49340.0,Introductory,English,49.0,Science,8.0
The Psychology of Criminal Justice,110086.0,Introductory,English,99.0,Education,16.0
Machine Learning with Python: A Practical Introduction,80161.0,Introductory,English,39.0,Science,25.0
Analyzing Data with Python,94079.0,Introductory,English,39.0,Science,15.0
Excel: gestión de datos,111785.0,Intermediate,Spanish,75.0,Science,30.0
Probability - The Science of Uncertainty and Data,205615.0,Advanced,English,300.0,Science,192.0
"Fundamentals of Neuroscience, Part 3: The Brain",85034.0,Introductory,English,99.0,Education,32.0
Sikhism Through Its Scriptures,44125.0,Introductory,English,99.0,Education,32.0
Upper-Intermediate English: Business and Modern Life,77991.0,Intermediate,English,50.0,Education,16.0
Religious Literacy: Traditions and Scriptures,96972.0,Introductory,English,99.0,Education,32.0
Programación para todos (empezando con Python),81004.0,Introductory,Spanish,49.0,Science,21.0
Analyzing and Visualizing Data with Power BI,28879.0,Introductory,English,99.0,Science,60.0
High-Dimensional Data Analysis,78443.0,Advanced,English,149.0,Science,12.0
Introduction To Music Theory,67029.0,Introductory,English,49.0,Education,24.0
Human Anatomy,126850.0,Introductory,English,139.0,Education,24.0
"CitiesX: The Past, Present and Future of Urban Life",76874.0,Introductory,English,99.0,Education,66.0
The Path to Happiness: What Chinese Philosophy Teaches us about the Good Life,24208.0,Introductory,English,99.0,Education,26.0
Entrepreneurship 101: Who is your customer?,41838.0,Introductory,English,49.0,Business,30.0
"U.S. Public Policy: Social, Economic, and Foreign Policies",44045.0,Introductory,English,49.0,Education,12.0
Machine Learning with Python: from Linear Models to Deep Learning,85561.0,Advanced,English,300.0,Science,180.0
Introduction to Data Science,43766.0,Introductory,English,39.0,Science,24.0
Circuits and Electronics 1: Basic Circuit Analysis,52639.0,Introductory,English,169.0,Science,30.0
Introduction to Investments,91788.0,Intermediate,English,50.0,Business,20.0
Improving Your Business Through a Culture of Health,54136.0,Introductory,English,99.0,Business,18.0
Introduction to Linear Models and Matrix Algebra,92004.0,Intermediate,English,149.0,Education,12.0
DO Your Venture: Entrepreneurship For Everyone,61989.0,Introductory,English,150.0,Business,24.0
El valor de la creatividad y la innovación: La Economía Naranja,23728.0,Introductory,Spanish,25.0,Education,24.0
Humanitarian Response to Conflict and Disaster,119891.0,Introductory,English,99.0,Health & Safety,20.0
"Women Making History: Ten Objects, Many Stories",38939.0,Introductory,English,99.0,Education,16.0
Masterpieces of World Literature,88789.0,Introductory,English,149.0,Education,72.0
SQL for Data Science,39184.0,Introductory,English,39.0,Science,12.0
El cerebro y las emociones en el lenguaje,41279.0,Introductory,Spanish,49.0,Comunication,20.0
Science & Cooking: From Haute Cuisine to Soft Matter Science (physics),62673.0,Introductory,English,169.0,Education,32.0
Python: aprender a programar,21613.0,Introductory,Spanish,49.0,Science,32.0
Marketing Analytics: Competitive Analysis and Market Segmentation,70682.0,Intermediate,English,249.0,Science,24.0
MalariaX: Defeating Malaria from the Genes to the Globe,37598.0,Intermediate,English,49.0,Education,32.0
Entrepreneurship in Emerging Economies,113602.0,Introductory,English,125.0,Business,24.0
JavaScript Introduction,160112.0,Introductory,English,199.0,Science,35.0
People Management,113592.0,Introductory,English,150.0,Business,18.0
Using Email for Networking in English,57208.0,Introductory,English,149.0,Education,16.0
Databases: Relational Databases and SQL,20502.0,Introductory,English,50.0,Science,18.0
C Programming: Getting Started,104108.0,Introductory,English,49.0,Science,21.0
Supply Chain Analytics,145049.0,Introductory,English,199.0,Business,150.0
Programming for the Web with JavaScript,91406.0,Intermediate,English,149.0,Science,28.0
Introduction to Digital Humanities,37501.0,Introductory,English,99.0,Education,21.0
Upper-Intermediate English: Business and Industry,103704.0,Intermediate,English,50.0,Education,16.0
EmSAT English Preparation - Level 1,29101.0,Introductory,English,49.0,Education,12.0
Python for Data Science,266978.0,Advanced,English,350.0,Science,90.0
Empathy and Emotional Intelligence at Work,45867.0,Introductory,English,199.0,Business,8.0
Design Thinking and Creativity for Innovation,47549.0,Intermediate,English,5.0,Business,90.0
China and Communism,69104.0,Introductory,English,139.0,Education,30.0
Mandarin Chinese Level 1,56040.0,Introductory,English,149.0,Education,42.0
Introduction to Biology - The Secret of Life,147512.0,Introductory,English,150.0,Education,128.0
Photoshop: una herramienta para presentaciones innovadoras,22969.0,Introductory,Spanish,19.0,Education,45.0
Causal Diagrams: Draw Your Assumptions Before Your Conclusions,50949.0,Introductory,English,99.0,Science,18.0
生活英语听说 | Conversational English Skills,301585.0,Introductory,English,49.0,Comunication,30.0
Shakespeare’s Othello: The Moor,31868.0,Introductory,English,49.0,Education,24.0
Basic Spanish 2: One Step Further,67687.0,Introductory,English,50.0,Education,16.0
Financial Market Analysis,37452.0,Intermediate,English,25.0,Business,63.0
CS50's Computer Science for Business Professionals,73208.0,Introductory,English,90.0,Science,24.0
Gobierno Digital,18883.0,Introductory,Spanish,25.0,Education,16.0
Upper-Intermediate English: Business and Globalization,58532.0,Intermediate,English,50.0,Education,16.0
The Opioid Crisis in America,54805.0,Introductory,English,99.0,Education,20.0
Gestión de Proyectos de Desarrollo,306286.0,Introductory,Spanish,49.0,Business,40.0
Statistical Learning,27968.0,Introductory,English,50.0,Science,36.0
Introduction to Social Psychology,79365.0,Introductory,English,99.0,Education,14.0
Artificial Intelligence (AI),265104.0,Advanced,English,249.0,Science,108.0
American Government: Constitutional Foundations,35504.0,Introductory,English,49.0,Education,12.0
Introducción a la inversión bursátil,64261.0,Introductory,Spanish,50.0,Business,8.0
Japanese Books: From Manuscript to Print,17581.0,Introductory,English,100.0,Education,18.0
Foundations of Modern Finance  I,24108.0,Advanced,English,450.0,Business,144.0
Operations Management,126093.0,Intermediate,English,150.0,Business,21.0
Marketing Management,80010.0,Intermediate,English,150.0,Business,27.0
Marketing enfocado en la estrategia de servicios,24618.0,Introductory,Spanish,119.0,Business,36.0
Introduction to Marketing,169126.0,Introductory,English,150.0,Business,24.0
Programming Basics,215059.0,Introductory,English,149.0,Science,63.0
Probability and Statistics in Data Science using Python,106286.0,Advanced,English,350.0,Science,110.0
HTML5 Coding Essentials and Best Practices,241287.0,Intermediate,English,199.0,Science,42.0
First Nights - Beethoven's 9th Symphony and the 19th Century Orchestra,37426.0,Introductory,English,49.0,Education,12.0
Cell Biology: Mitochondria,64142.0,Introductory,English,99.0,Education,12.0
"Algorithms: Design and Analysis, Part 1",20163.0,Intermediate,English,149.0,Science,18.0
Introducción al Office 365,16470.0,Introductory,Spanish,75.0,Science,14.0
Creative Thinking: Techniques and Tools for Success,54787.0,Introductory,English,49.0,Education,21.0
Upper-Intermediate English: Business and Technology,47451.0,Intermediate,English,50.0,Education,16.0
Shakespeare's Hamlet: The Ghost,38331.0,Introductory,English,49.0,Education,24.0
FlashDiet: Aprende a comer sano,48105.0,Introductory,Spanish,50.0,Business,10.0
CS50's Understanding Technology,50030.0,Introductory,English,90.0,Science,24.0
Introduction to Aerospace Structures and Materials,37126.0,Introductory,English,50.0,Science,40.0
Visualizing Data with Python,42101.0,Intermediate,English,39.0,Science,15.0
Success: Practical Thinking Skills,24414.0,Introductory,English,50.0,Education,20.0
English for Doing Business in Asia – Speaking,68422.0,Introductory,English,60.0,Education,28.0
Nutrition and Health: Macronutrients and Overnutrition,208582.0,Introductory,English,99.0,Education,63.0
"Contemporary China: The People's Republic, Taiwan, and Hong Kong",66771.0,Introductory,English,139.0,Education,30.0
Introduction to Clinical Psychology,57234.0,Introductory,English,99.0,Education,14.0
Modern Masterpieces of World Literature,48049.0,Introductory,English,99.0,Education,32.0
"Citizen Politics in America: Public Opinion, Elections, Interest Groups, and the Media",24259.0,Introductory,English,49.0,Education,12.0
Applied Scrum for Agile Project Management,55293.0,Advanced,English,199.0,Science,8.0
Corporate Finance,62798.0,Intermediate,English,150.0,Business,20.0
Judaism Through Its Scriptures,50540.0,Introductory,English,99.0,Education,32.0
Excel avanzado: importación y análisis de datos,47184.0,Advanced,Spanish,75.0,Science,32.0
CSS Basics,95163.0,Introductory,English,199.0,Science,30.0
Unlocking Information Security: Part I,19905.0,Intermediate,English,149.0,Science,30.0
Becoming an Effective Leader,55937.0,Intermediate,English,99.0,Comunication,90.0
Digital Branding and Engagement,122977.0,Intermediate,English,99.0,Comunication,16.0
Introduction to Cybersecurity,73021.0,Introductory,English,199.0,Science,24.0
General Academic English|生活英语进阶,17526.0,Introductory,English,49.0,Education,32.0
Gestión de personas: Recursos Humanos,19687.0,Introductory,Spanish,119.0,Business,30.0
From Poverty to Prosperity: Understanding Economic Development,91062.0,Intermediate,English,149.0,Education,12.0
Medical Terminology,31354.0,Introductory,English,79.0,Education,64.0
Ancient Masterpieces of World Literature,48899.0,Introductory,English,99.0,Education,24.0
Shakespeare's The Merchant of Venice: Shylock,23283.0,Introductory,English,49.0,Education,24.0
Gestión del estrés y Mindfulness,15965.0,Introductory,Spanish,49.0,Health & Safety,16.0
Behavioural Economics in Action,66764.0,Introductory,English,139.0,Business,24.0
Finance for Everyone: Smart Tools for Decision-Making,45029.0,Introductory,English,49.0,Business,36.0
Creating Innovative Business Models,12227.0,Introductory,English,149.0,Business,8.0
u.lab: Leading From the Emerging Future,79424.0,Introductory,English,99.0,Business,70.0
Electric Cars: Introduction,56171.0,Intermediate,English,50.0,Science,16.0
Inteligencia Artificial para todos: Domina los fundamentos,11764.0,Introductory,Spanish,49.0,Science,8.0
Marketing Analytics,55228.0,Advanced,English,249.0,Business,108.0
Introducción a la Regulación Emocional basada en Mindfulness,20634.0,Introductory,Spanish,49.0,Health & Safety,24.0
Design Thinking Fundamentals,56446.0,Intermediate,English,299.0,Business,60.0
Basic Spanish 3: Getting there,17569.0,Introductory,English,50.0,Education,16.0
Mi propia huerta orgánica,11346.0,Introductory,Spanish,29.0,Education,8.0
Sustainability in Architecture: An Interdisciplinary Introduction,31352.0,Intermediate,English,50.0,Education,16.0
Gestión de riesgos en proyectos de desarrollo,47676.0,Intermediate,Spanish,25.0,Business,20.0
Python Data Structures,36369.0,Introductory,English,49.0,Science,21.0
The Science and Business of Biotechnology,17039.0,Intermediate,English,49.0,Business,176.0
Finance Essentials,63666.0,Introductory,English,79.0,Business,18.0
Introduction to the Internet of Things (IoT),89421.0,Introductory,English,149.0,Science,12.0
'Talk to me': Improving mental health and suicide prevention in young adults,11481.0,Introductory,English,139.0,Health & Safety,12.0
Disaster Medicine Training,10937.0,Introductory,English,50.0,Education,16.0
Nutrition and Health: Human Microbiome,44079.0,Introductory,English,49.0,Health & Safety,24.0
Customer Relationship Management,53085.0,Intermediate,English,50.0,Business,24.0
Islam Through Its Scriptures,65430.0,Introductory,English,99.0,Education,32.0
Mechatronics Revolution: Fundamentals and Core Concepts,11619.0,Introductory,English,149.0,Science,112.0
Accounting for Decision-Making,57710.0,Intermediate,English,150.0,Business,28.0
C Programming: Language Foundations,46400.0,Introductory,English,49.0,Science,21.0
Big Data sin misterios,65564.0,Intermediate,Spanish,25.0,Science,40.0
Becoming a Successful Leader (Inclusive Leadership Training),215705.0,Introductory,English,49.0,Comunication,8.0
"English for Journalists, Part 1",50847.0,Intermediate,English,139.0,Comunication,20.0
Introduction to Networking,16134.0,Introductory,English,150.0,Science,28.0
Accounting Essentials,58463.0,Introductory,English,79.0,Business,24.0
Introduction to Java Programming: Starting to code in Java,325554.0,Introductory,English,149.0,Science,40.0
European Paintings: From Leonardo to Rembrandt to Goya,60734.0,Introductory,English,99.0,Education,14.0
Java Programming Fundamentals,12042.0,Intermediate,English,49.0,Science,45.0
"Hollywood: History, Industry, Art",50033.0,Introductory,English,169.0,Comunication,16.0
Data Science Tools,15627.0,Introductory,English,39.0,Science,35.0
Statistical Thinking for Data Science and Analytics,198861.0,Introductory,English,99.0,Science,40.0
Philosophy and Critical Thinking,97175.0,Introductory,English,99.0,Education,12.0
International Law,91868.0,Advanced,English,150.0,Education,84.0
Tourism and Travel Management,38503.0,Introductory,English,5.0,Business,14.0
Project Management Life Cycle,120019.0,Intermediate,English,150.0,Business,100.0
Solar Energy,125069.0,Introductory,English,50.0,Science,56.0
Public Speaking,10129.0,Introductory,English,199.0,Comunication,15.0
Japanese Pronunciation for Communication,62757.0,Introductory,Japanese,99.0,Comunication,20.0
Mindfulness and Resilience to Stress at Work,33414.0,Introductory,English,199.0,Business,8.0
Framing Your Communication to Inspire and Convince,49351.0,Intermediate,English,125.0,Business,20.0
Business Foundations,55154.0,Introductory,English,150.0,Business,24.0
The Chemistry of Life,78704.0,Introductory,English,49.0,Education,26.0
Nutrition and Health: Micronutrients and Malnutrition,78266.0,Intermediate,English,99.0,Education,49.0
Digital Design,12339.0,Introductory,English,50.0,Business,30.0
Machine Learning for Data Science and Analytics,140419.0,Introductory,English,99.0,Science,40.0
The Science of Everyday Thinking,318399.0,Introductory,English,99.0,Business,24.0
Gestion de projets de développement,41663.0,Intermediate,French,25.0,Business,40.0
Product Management Fundamentals,11913.0,Introductory,English,199.0,Business,8.0
International Human Rights Law,74424.0,Advanced,English,150.0,Education,84.0
The Best Start in Life: Early Childhood Development for Sustainable Development,23139.0,Intermediate,English,49.0,Education,24.0
Data Science and Machine Learning Capstone Project,21809.0,Intermediate,English,99.0,Science,24.0
"Data Science for Construction, Architecture and Engineering",11113.0,Introductory,English,199.0,Science,35.0
"Nutrition, Heart Disease and Diabetes",24986.0,Intermediate,English,99.0,Business,35.0
Project Management for Development,62099.0,Intermediate,English,49.0,Business,40.0
Introduction to Cloud Infrastructure Technologies,86923.0,Introductory,English,169.0,Science,56.0
"Circular Fashion: Design, Science and Value in a Sustainable Clothing Industry",13566.0,Introductory,English,65.0,Education,25.0
Machine Learning,150855.0,Advanced,English,249.0,Science,108.0
Introducción a la gestión de proyectos,98517.0,Introductory,Spanish,50.0,Business,20.0
Free Cash Flow Analysis,36085.0,Introductory,English,225.0,Business,20.0
Lean Production,55926.0,Introductory,English,99.0,Business,24.0
Introduction to Algebra,131197.0,Introductory,English,139.0,Education,20.0
"LaTeX for Students, Engineers, and Scientists",11823.0,Introductory,English,139.0,Science,28.0
Leading With Effective Communication (Inclusive Leadership Training),107770.0,Introductory,English,50.0,Comunication,8.0
Anatomy: Musculoskeletal and Integumentary Systems,51969.0,Introductory,English,49.0,Education,8.0
"Inglés empresarial: ventas, gestión y liderazgo",10897.0,Introductory,English,49.0,Business,24.0
Business Strategy from Wharton: Competitive Advantage,26675.0,Intermediate,English,199.0,Business,24.0
Inteligencia emocional para el liderazgo efectivo y colaboración,14726.0,Introductory,Spanish,49.0,Education,16.0
Introducción al desarrollo de aplicaciones web,27757.0,Introductory,Spanish,49.0,Science,20.0
"Six Sigma: Analyze, Improve, Control",56016.0,Introductory,English,99.0,Business,32.0
Introducción a la inteligencia emocional,18830.0,Introductory,Spanish,49.0,Education,16.0
AP® Microeconomics,53664.0,Introductory,English,49.0,Business,48.0
Engineering Calculus and Differential Equations,21535.0,Introductory,English,50.0,Education,24.0
Linear Algebra - Foundations to Frontiers,88570.0,Intermediate,English,49.0,Science,120.0
Habilidades de negociación y comunicación efectiva,19614.0,Introductory,Spanish,149.0,Business,24.0
Effective Communication for Today's Leader,8862.0,Intermediate,English,149.0,Business,24.0
Electric Cars: Technology,40972.0,Intermediate,English,50.0,Science,16.0
Site Planning Online,12948.0,Intermediate,English,99.0,Business,50.0
Macroeconometric Forecasting,69358.0,Intermediate,English,25.0,Business,81.0
Administración pública y fiscal: cómo se gestiona un gobierno,49189.0,Introductory,Spanish,25.0,Business,40.0
Fundamentals of Red Hat Enterprise Linux,53788.0,Introductory,English,99.0,Science,18.0
Algorithms,61722.0,Intermediate,English,149.0,Science,42.0
Calculus Applied!,54976.0,Intermediate,English,99.0,Education,40.0
Precalculus,55576.0,Intermediate,English,49.0,Education,150.0
Fundamentos de anatomía y técnica quirúrgica básica,12133.0,Introductory,Spanish,49.0,Education,20.0
Business Communications,60713.0,Introductory,English,150.0,Business,24.0
Italian Language and Culture: Intermediate (2019-2020),35058.0,Intermediate,Italian,49.0,Education,48.0
International Women's Health and Human Rights,9796.0,Introductory,English,50.0,Education,30.0
Blockchain: Understanding Its Uses and Implications,66769.0,Introductory,English,199.0,Business,28.0
"A-level Mathematics for Year 12 - Course 1: Algebraic Methods, Graphs and Applied Mathematics Methods",22366.0,Intermediate,English,49.0,Education,21.0
Blockchain Technology,55376.0,Intermediate,English,99.0,Science,24.0
Basics of Power BI,8314.0,Introductory,English,49.0,Science,6.0
Preparing to Network in English,34337.0,Introductory,English,149.0,Education,24.0
Mandarin Chinese Essentials,36665.0,Introductory,English,99.0,Education,35.0
Human Rights: The Rights of Refugees,84270.0,Introductory,English,49.0,Education,12.0
What do Architects and Urban Planners do?,11046.0,Introductory,English,49.0,Education,6.0
"U.S. Political Institutions: Congress, Presidency, Courts, and Bureaucracy",22723.0,Introductory,English,49.0,Education,12.0
Negotiation Skills and Effective Communication,8146.0,Intermediate,English,149.0,Business,24.0
AP® English Literature & Composition – Part 1: Stories,15650.0,Introductory,English,49.0,Education,28.0
"Viruses & How to Beat Them: Cells, Immunity, Vaccines",28710.0,Introductory,English,149.0,Education,14.0
Alianzas: un vehículo para lograr el desarrollo sostenible,17554.0,Introductory,Spanish,25.0,Education,40.0
Designing and Creating Skirts,13954.0,Introductory,English,99.0,Business,20.0
Cómo Aprender Online,7958.0,Introductory,Spanish,49.0,Education,4.0
Computing in Python II: Control Structures,31511.0,Introductory,English,99.0,Science,50.0
Facebook Ads: Cómo utilizar el poder de la publicidad en Facebook,29614.0,Introductory,Spanish,49.0,Comunication,20.0
Machine Learning Fundamentals,82008.0,Advanced,English,350.0,Science,90.0
Pre-University Calculus,103224.0,Introductory,English,50.0,Education,56.0
Tsinghua Chinese: Start Talking with 1.3 Billion People,58834.0,Introductory,English,49.0,Education,12.0
Deep Learning with Python and PyTorch,36195.0,Intermediate,English,99.0,Science,18.0
Diseña presentaciones eficaces con Powerpoint,36663.0,Introductory,Spanish,50.0,Science,21.0
World of Wine: From Grape to Glass,81839.0,Introductory,English,199.0,Science,12.0
Sustainable Cities,16619.0,Intermediate,English,49.0,Education,45.0
Introduction to Developmental Psychology,38060.0,Introductory,English,99.0,Education,16.0
Creativity & Entrepreneurship,69413.0,Introductory,English,49.0,Business,16.0
College Algebra and Problem Solving,103010.0,Introductory,English,49.0,Education,120.0
Academic writing for clarity and meaning,16220.0,Introductory,English,49.0,Education,4.0
Financial Development and Financial Inclusion,13853.0,Intermediate,English,25.0,Business,63.0
Global Public Health,17273.0,Intermediate,English,49.0,Health & Safety,50.0
Embedded Systems - Shape The World: Microcontroller Input/Output,69182.0,Intermediate,English,49.0,Science,72.0
Introduction to Animal Behaviour,42135.0,Introductory,English,49.0,Education,30.0
Circular Economy: An Introduction,50240.0,Introductory,English,50.0,Business,28.0
Public Financial Management,23288.0,Intermediate,English,25.0,Business,40.0
Anatomy: Human Neuroanatomy,49319.0,Introductory,English,49.0,Education,32.0
Android: Introducción a la Programación,85786.0,Introductory,Spanish,50.0,Science,40.0
The Ancient Greek Hero,51744.0,Introductory,English,99.0,Education,180.0
Agile Leadership Principles and Practices,31838.0,Advanced,English,199.0,Science,8.0
How to Code: Simple Data,98113.0,Introductory,English,125.0,Science,14.0
Cybersecurity and Privacy in the IoT,21440.0,Introductory,English,199.0,Science,25.0
Strategic Management,71085.0,Introductory,English,150.0,Business,20.0
Introducción a la ciencia de datos y sus aplicaciones,7303.0,Introductory,Spanish,39.0,Science,24.0
"Biochemistry: Biomolecules, Methods, and Mechanisms",18692.0,Intermediate,English,150.0,Education,48.0
Astronomía Virtual,10500.0,Introductory,Spanish,29.0,Science,42.0
Nutrition and Cancer,27144.0,Intermediate,English,99.0,Business,35.0
Build your very first iOS app,31570.0,Introductory,English,149.0,Science,72.0
Object-Oriented Programming,93633.0,Introductory,English,149.0,Science,28.0
Introduction to Jenkins,7233.0,Introductory,English,199.0,Science,20.0
Conducting an Informational Interview,15594.0,Introductory,English,99.0,Education,32.0
Liderazgo y comportamiento organizacional,21419.0,Introductory,Spanish,149.0,Business,24.0
Creative Coding,18660.0,Introductory,English,249.0,Business,126.0
Análisis estadístico con Excel,22717.0,Introductory,Spanish,49.0,Science,16.0
Introducción a la Ingeniería del Software,17931.0,Introductory,Spanish,49.0,Science,20.0
Computer Graphics,98553.0,Intermediate,English,99.0,Science,54.0
Data Science: Computational Thinking with Python,78232.0,Introductory,English,199.0,Science,25.0
Comunicación efectiva para el líder actual,18470.0,Introductory,Spanish,149.0,Comunication,24.0
Debate y argumentación,10954.0,Introductory,Spanish,49.0,Education,20.0
Deep Learning with Tensorflow,37564.0,Intermediate,English,99.0,Science,15.0
Machine Learning (aprendizaje automático) con Python: una introducción práctica,39155.0,Introductory,Spanish,49.0,Science,25.0
Essential Human Biology: Cells and Tissues,67961.0,Introductory,English,169.0,Education,10.0
"Writing, Presenting and Submitting Scientific Papers in English | 英文科技论文写作与学术报告",35720.0,Intermediate,English,49.0,Comunication,10.0
Computing in Python III: Data Structures,27239.0,Introductory,English,99.0,Science,50.0
Introduction to Internet of Things (IoT),6703.0,Introductory,English,49.0,Science,6.0
Nutrition and Health: Food Risks,51493.0,Introductory,English,49.0,Education,56.0
Mechanics: Kinematics and Dynamics,35529.0,Intermediate,English,49.0,Education,132.0
Storytelling for Social Change,30313.0,Introductory,English,49.0,Comunication,10.0
Introduction to Data Analytics for Managers,39113.0,Introductory,English,49.0,Business,18.0
Qualitative Research Methods: Conversational Interviewing,21972.0,Intermediate,English,49.0,Education,6.0
International Project Management,45145.0,Advanced,English,150.0,Business,90.0
Software Development Fundamentals,51402.0,Intermediate,English,149.0,Science,28.0
"First Nights - Stravinsky’s Rite of Spring: Modernism, Ballet, and Riots",17484.0,Introductory,English,49.0,Education,12.0
Critical Thinking & Problem Solving,6558.0,Introductory,English,199.0,Comunication,15.0
Data Analysis Essentials,42262.0,Introductory,English,79.0,Business,30.0
Master Control in Supply Chain Management and Logistics,31326.0,Introductory,English,49.0,Business,28.0
Work and Employment for a Sustainable Future,6528.0,Intermediate,English,49.0,Business,18.0
Foundations of Data Structures,54075.0,Intermediate,English,149.0,Science,42.0
"Financial Programming and Policies, Part 1: Macroeconomic Accounts & Analysis",31024.0,Intermediate,English,25.0,Business,54.0
IoT System Design: Software and Hardware Integration,13608.0,Intermediate,English,99.0,Science,20.0
English for Doing Business in Asia – Writing,44252.0,Introductory,English,60.0,Education,28.0
Working in Teams: A Practical Guide,43981.0,Introductory,English,49.0,Education,28.0
Introducción a los encofrados y las cimbras en obra civil y edificación,16029.0,Introductory,Spanish,50.0,Science,8.0
AI Chatbots without Programming,35440.0,Introductory,English,99.0,Science,6.0
Introducción a la Ciencia de Datos y el Big Data,16268.0,Intermediate,Spanish,49.0,Science,16.0
Just Money: Banking as if Society Mattered,25553.0,Introductory,English,49.0,Business,64.0
Introducción a R,6431.0,Introductory,Spanish,49.0,Science,24.0
Computing in Python IV: Objects & Algorithms,28112.0,Introductory,English,99.0,Science,50.0
Adobe Illustrator: aprende a crear presentaciones de impacto,18613.0,Introductory,Spanish,15.0,Business,50.0
Teaching Critical Thinking through Art with the National Gallery of Art,18595.0,Introductory,English,25.0,Education,64.0
Word intermedio: herramientas de formato y productividad,10265.0,Intermediate,Spanish,50.0,Science,24.0
Introducción a las finanzas: Principios de valoración,17344.0,Intermediate,Spanish,49.0,Business,32.0
Aprende a diseñar jardines verticales y cuadros vivos,6341.0,Introductory,Spanish,29.0,Education,8.0
"Anatomy: Cardiovascular, Urinary, and Respiratory Systems",36917.0,Introductory,English,49.0,Education,8.0
Software Engineering: Introduction,35524.0,Advanced,English,125.0,Science,54.0
Structure of Materials,13042.0,Intermediate,English,150.0,Science,112.0
Fundamentos de fotografía documental,13036.0,Introductory,Spanish,49.0,Education,30.0
AP® Italian Language and Culture (2020-2021),39398.0,Advanced,Italian,49.0,Education,72.0
Computer Hardware and Operating Systems,9715.0,Introductory,English,150.0,Science,24.0
Marketing Management,43415.0,Advanced,English,214.0,Business,63.0
You Can Innovate: User  Innovation & Entrepreneurship,18974.0,Introductory,English,49.0,Business,30.0
Analytics in Python,82210.0,Intermediate,English,249.0,Business,108.0
Bases Matemáticas: Álgebra,35811.0,Introductory,Spanish,50.0,Education,16.0
HTML5 Apps and Games,86850.0,Advanced,English,199.0,Science,28.0
MATLAB and Octave for Beginners,68706.0,Introductory,English,139.0,Science,24.0
AP Physics 1,43401.0,Introductory,English,49.0,Education,72.0
The Divine Comedy: Dante's Journey to Freedom,12005.0,Introductory,English,49.0,Education,80.0
Linux Basics: The Command Line Interface,32726.0,Introductory,English,49.0,Science,28.0
Entrepreneurial Operations: Launching a Startup,23808.0,Intermediate,English,149.0,Business,20.0
Maths Essentials,44642.0,Introductory,English,79.0,Business,24.0
"Marketing Analytics: Products, Distribution and Sales",50588.0,Intermediate,English,249.0,Science,24.0
Marketing Innovative Products and Services,6293.0,Introductory,English,149.0,Business,8.0
Just Reading and Writing in English | 生活英语读写,33303.0,Introductory,English,149.0,Education,45.0
Introduction to Java Programming – Part 1,270376.0,Introductory,English,99.0,Science,20.0
Comunicación y Redacción Digital,7165.0,Introductory,Spanish,29.0,Comunication,16.0
Monetary Policy Analysis and Forecasting,6616.0,Advanced,English,25.0,Business,54.0
Basic Analytical Chemistry,19010.0,Introductory,English,49.0,Science,24.0
Identifying Entrepreneurial Opportunities,11922.0,Introductory,English,149.0,Business,8.0
"ChinaX Book Club: Five Authors, Five Books, Five Views of China",5855.0,Introductory,English,139.0,Education,10.0
Astrophysics: Cosmology,83322.0,Intermediate,English,50.0,Education,30.0
Japanese Culture and Language (I) |日语与日本文化（1）,18489.0,Introductory,Chinese,139.0,Education,40.0
COVID-19 Training for Healthcare Workers,5742.0,Introductory,English,10.0,Education,12.0
The Rise of Superheroes and Their Impact On Pop Culture,31368.0,Introductory,English,50.0,Education,12.0
Introduction to Aeronautical Engineering,99971.0,Introductory,English,50.0,Science,77.0
Diseño de Jardines,5683.0,Introductory,Spanish,29.0,Education,8.0
"Introducción al griego clásico: lengua, nombres y mitología",18849.0,Introductory,Spanish,49.0,Education,20.0
Deep Learning Fundamentals with Keras,32140.0,Intermediate,English,99.0,Science,15.0
Existential Well-being Counseling: A Person-centered Experiential Approach,48439.0,Introductory,English,49.0,Education,84.0
Solid Waste Management,7668.0,Introductory,English,5.0,Education,12.0
Retail Fundamentals,37558.0,Intermediate,English,99.0,Business,16.0
Greatest Unsolved Mysteries of the Universe,93965.0,Intermediate,English,50.0,Education,27.0
"Money Markets, Foreign Exchange and Time Value of Money",12230.0,Introductory,English,199.0,Business,8.0
Gestión de Contenidos Digitales y Marketing Turístico de Ciudad,14627.0,Introductory,Spanish,49.0,Comunication,40.0
Designing the User Experience,6416.0,Introductory,English,199.0,Business,8.0
Introduction to Bioconductor,36370.0,Intermediate,English,149.0,Science,12.0
Connected Strategy,10355.0,Intermediate,English,199.0,Business,18.0
Hybrid Vehicles,18294.0,Advanced,English,249.0,Science,90.0
First Nights - Handel's Messiah and Baroque Oratorio,18029.0,Introductory,English,49.0,Education,12.0
Statistical Inference and Modeling for High-throughput Experiments,51590.0,Intermediate,English,149.0,Science,12.0
First Nights - Monteverdi’s L’Orfeo and the Birth of Opera,13300.0,Introductory,English,49.0,Education,12.0
18th-Century Opera: Handel & Mozart,18331.0,Introductory,English,99.0,Education,20.0
Introduction to video game development with Unity,7605.0,Intermediate,English,50.0,Science,24.0
Best Practices for Project Management Success,46610.0,Intermediate,English,150.0,Business,110.0
Fundamentos de la Tecnología Blockchain,5473.0,Introductory,Spanish,49.0,Business,40.0
Información financiera y su análisis,5473.0,Advanced,Spanish,50.0,Business,24.0
Coaching Skills for Learner-Centred Conversations,8089.0,Introductory,English,49.0,Education,8.0
Intellectual Property Law and Policy: Part 1,43993.0,Intermediate,English,169.0,Education,12.0
Robotics,68199.0,Advanced,English,249.0,Science,90.0
La gestion des ressources humaines,6824.0,Introductory,French,99.0,Business,14.0
Writing for Social Justice,9927.0,Introductory,English,50.0,Education,16.0
Steps in Japanese for Beginners1 Part2,8080.0,Introductory,English,99.0,Education,20.0
Case Studies in Functional Genomics,26850.0,Advanced,English,149.0,Science,15.0
Essential Career Skills for Investment Banking and Finance,11655.0,Introductory,English,49.0,Business,8.0
Data Structures and Software Design,30609.0,Intermediate,English,149.0,Science,36.0
Unconscious Bias: From Awareness to Action,26659.0,Introductory,English,49.0,Comunication,6.0
Cybersecurity for Critical Urban Infrastructure,5306.0,Advanced,English,100.0,Science,16.0
"Agile Process, Project, and Program Controls",16339.0,Advanced,English,199.0,Science,8.0
Risk Management in Development Projects,13263.0,Intermediate,English,25.0,Business,20.0
"Pintura europea: Leonardo, Rembrandt, Goya",32635.0,Introductory,Spanish,29.0,Education,14.0
Risk & Return,21970.0,Introductory,English,225.0,Business,16.0
Project Management of Engineering Projects: Preparing for Success,42834.0,Intermediate,English,99.0,Business,50.0
Supply Chain Dynamics,75464.0,Advanced,English,299.0,Business,130.0
AWS Developer: Building on AWS,54249.0,Advanced,English,149.0,Science,24.0
Financial Accounting Made Fun: Eliminating Your Fears,36787.0,Introductory,English,199.0,Business,20.0
PredictionX: John Snow and the Cholera Epidemic of 1854,17713.0,Introductory,English,25.0,Education,4.0
Gestión de operaciones,9512.0,Introductory,Spanish,119.0,Business,36.0
Microeconomics & Business,10962.0,Introductory,English,79.0,Business,112.0
Inteligencia artificial: Chatbots sin programación,5001.0,Introductory,Spanish,49.0,Science,6.0
Diseño e innovación de modelo de negocios,7180.0,Advanced,Spanish,99.0,Business,24.0
Unlocking Investment and Finance in Emerging Markets and Developing Economies (EMDEs),29171.0,Introductory,English,5.0,Business,20.0
Business Communication,53209.0,Introductory,English,199.0,Comunication,15.0
Gestão de riscos em projetos,8771.0,Intermediate,Portuguese,25.0,Business,40.0
Vocal Recording Technology,52369.0,Introductory,English,49.0,Science,36.0
Agua 2.0: empresas eficientes para el siglo XXI,53209.0,Introductory,Spanish,25.0,Business,16.0
IoT Sensors and Devices,33072.0,Introductory,English,199.0,Science,25.0
Introducción a las tecnologías para la Educación,31533.0,Introductory,Spanish,49.0,Science,20.0
Fundamentos de la guitarra eléctrica y acústica,13124.0,Introductory,Spanish,49.0,Education,24.0
e-Learning on Digital Agriculture,6238.0,Introductory,English,5.0,Education,10.0
Exploring GraphQL: A Query Language for APIs,9503.0,Introductory,English,149.0,Science,14.0
EmSAT English Preparation - Level 2,7346.0,Intermediate,English,49.0,Education,12.0
The Data Science Method,7868.0,Introductory,English,39.0,Science,35.0
"Plato, Socrates, and the Birth of Western Philosophy | 西方哲学精神探源",21291.0,Introductory,English,49.0,Education,32.0
"Cosmic Rays, Dark Matter, and the Mysteries of the Universe",12888.0,Intermediate,English,49.0,Education,16.0
Macroeconomic Diagnostics,23408.0,Intermediate,English,25.0,Business,42.0
BioStatistics,14937.0,Introductory,English,79.0,Education,64.0
Results-Based Project Management: Monitoring and Evaluation,32810.0,Intermediate,English,199.0,Business,32.0
Estrategias y estilos de negociación,12639.0,Introductory,Spanish,149.0,Business,24.0
Políticas efectivas de desarrollo infantil,64387.0,Intermediate,Spanish,25.0,Education,40.0
Alzheimer’s Disease & Dementia Care,5763.0,Intermediate,English,49.0,Education,10.0
Understanding Classroom Interaction,27114.0,Introductory,English,49.0,Education,10.0
Sign Language Science: Emergence and Evolution of Sign Language,8313.0,Introductory,English,99.0,Education,16.0
International Humanitarian Law,31419.0,Advanced,English,150.0,Education,96.0
"Educación de calidad para todos: equidad, inclusión y atención a la diversidad",25111.0,Introductory,Spanish,49.0,Education,24.0
Introduction to Astrophysics,20802.0,Introductory,English,139.0,Education,28.0
Epidemics I,10618.0,Introductory,English,139.0,Education,10.0
Introducción a la genética y la evolución,15297.0,Introductory,Spanish,49.0,Education,6.0
Fundamentals of Macroeconomics,17820.0,Introductory,English,129.0,Business,12.0
"Blockchain and FinTech: Basics, Applications, and Limitations",22011.0,Introductory,English,199.0,Science,24.0
Molecular Biology - Part 2: Transcription and Transposition,18168.0,Advanced,English,99.0,Education,42.0
"One Planet, One Ocean",12166.0,Intermediate,English,49.0,Education,30.0
Reputation Management in a Digital World,39672.0,Intermediate,English,99.0,Comunication,24.0
Google Ads: publicidad efectiva,12084.0,Introductory,Spanish,49.0,Business,15.0
Introducción a la energía solar fotovoltaica: El módulo fotovoltaico,14673.0,Intermediate,Spanish,50.0,Science,16.0
Computer Vision Fundamentals with Watson and OpenCV,7032.0,Introductory,English,99.0,Science,140.0
Japanese Business Management,14852.0,Intermediate,English,129.0,Business,16.0
Introduction to Cloud Computing,53209.0,Introductory,English,49.0,Science,12.0
Fundamentos de logística,7397.0,Introductory,Spanish,29.0,Science,30.0
Sustainable Urban Development,45760.0,Introductory,English,50.0,Education,35.0
Introduction to Biomedical Imaging,56485.0,Introductory,English,99.0,Education,48.0
Introducción a la programación en Java: empezando a programar,23321.0,Introductory,Spanish,49.0,Science,40.0
"Circuits and Electronics 2: Amplification, Speed, and Delay",9665.0,Intermediate,English,169.0,Science,40.0
China’s Political and Intellectual Foundations: From Sage Kings to Confucius,47083.0,Introductory,English,139.0,Education,30.0
Introduction to DevOps and Site Reliability Engineering,8697.0,Introductory,English,149.0,Science,20.0
SQL aplicado en la  ciencia de datos,53209.0,Introductory,Spanish,39.0,Science,12.0
Sign Language Science: Factors Contributing to Nature Structure,53209.0,Introductory,English,99.0,Education,16.0
Gender and Intersectionality,53209.0,Introductory,English,50.0,Education,24.0
Digital Transformation in Business,10118.0,Advanced,English,214.0,Business,63.0
Designing and Creating Trousers,7544.0,Introductory,English,99.0,Business,20.0
Introducción a la teoría política: conceptos y grandes pensadores,11741.0,Introductory,Spanish,59.0,Education,35.0
"Human Rights, Human Wrongs: Challenging Poverty, Vulnerability and Social Exclusion",11426.0,Intermediate,English,49.0,Education,33.0
Industry 4.0: How to Revolutionize your Business,28404.0,Introductory,English,50.0,Business,42.0
Desafíos y oportunidades en la economía digital,47792.0,Introductory,Spanish,25.0,Business,20.0
Pensamiento crítico: toma de decisiones razonadas,16853.0,Introductory,Spanish,149.0,Business,24.0
"MathTrackX: Polynomials, Functions and Graphs",53209.0,Introductory,English,79.0,Education,16.0
Sustainable Food Security: Crop Production,35367.0,Intermediate,English,49.0,Education,42.0
Network and Security Foundations,7301.0,Introductory,English,300.0,Science,80.0
Cannabis Cultivation and Processing,7419.0,Introductory,English,179.0,Education,24.0
"Data, Models and Decisions in Business Analytics",36289.0,Advanced,English,249.0,Business,108.0
Data Structures Fundamentals,42381.0,Intermediate,English,99.0,Science,54.0
Shaping Work of the Future,22246.0,Introductory,English,49.0,Business,32.0
Introducción a la robótica e industria 4.0,7056.0,Introductory,Spanish,49.0,Science,12.0
Fighting for Equality: 1950–2018,9274.0,Intermediate,English,50.0,Education,20.0
"Design Thinking: Ideation, Iteration and Communication",14629.0,Intermediate,English,299.0,Business,60.0
Negotiation Strategies and Styles,53209.0,Intermediate,English,149.0,Business,24.0
Crear música con tecnología,10961.0,Introductory,Spanish,49.0,Education,24.0
Análisis de datos: Diseño y Visualización de Tableros,18368.0,Intermediate,Spanish,49.0,Science,40.0
Comunicación estratégica: gestión de crisis e imagen pública,7017.0,Introductory,Spanish,49.0,Comunication,12.0
"Understanding Agribusiness, Value Chains, and Consumers in Global Food Systems",14052.0,Intermediate,English,199.0,Business,8.0
Unlocking Information Security: Part II,6426.0,Intermediate,English,149.0,Science,30.0
Human Rights Defenders,27338.0,Introductory,English,49.0,Education,16.0
Product Design: The Delft Design Approach,87539.0,Intermediate,English,79.0,Business,49.0
Introduction to Psychology | 心理学概论,30731.0,Introductory,Chinese,139.0,Education,52.0
Circuits and Electronics 3: Applications,9347.0,Intermediate,English,169.0,Science,63.0
Vaccines: from smallpox to technologies of the future,6166.0,Intermediate,English,49.0,Education,24.0
Le management,6273.0,Introductory,French,149.0,Business,10.0
Circular Economy for a Sustainable Built Environment,8032.0,Intermediate,English,50.0,Education,24.0
Agile Innovation and Problem Solving Skills,12667.0,Advanced,English,199.0,Science,8.0
International Investment Law,23335.0,Advanced,English,150.0,Education,70.0
Animation and CGI Motion,36827.0,Advanced,English,249.0,Science,108.0
Terrorism and Counterterrorism,28580.0,Introductory,English,49.0,Education,63.0
Découvrir le marketing,30030.0,Intermediate,French,150.0,Business,40.0
Solar Energy: Photovoltaic (PV) Energy Conversion,38041.0,Advanced,English,250.0,Science,120.0
Introduction to Actuarial Science,52667.0,Introductory,English,49.0,Science,24.0
PredictionX: Lost Without Longitude,9114.0,Introductory,English,49.0,Education,4.0
Information Technology Foundations,6388.0,Introductory,English,400.0,Science,60.0
Introducción a la Inteligencia Artificial de Watson,53209.0,Introductory,Spanish,49.0,Science,48.0
Dealing with Power and Dynamics: Discover Your Leadership Style and Influence Stakeholders,16013.0,Intermediate,English,125.0,Business,20.0
Instructional Design and Technology: Learning Theories,21296.0,Intermediate,English,299.0,Education,72.0
"Algorithms: Design and Analysis, Part 2",53209.0,Intermediate,English,149.0,Science,18.0
The Math of Data Science: Linear Algebra,6746.0,Intermediate,English,159.0,Education,56.0
Introducción al quirófano,53209.0,Intermediate,Spanish,49.0,Education,24.0
The Hardware of a Quantum Computer,20052.0,Intermediate,English,79.0,Education,42.0
Grabar y mezclar música,10856.0,Introductory,Spanish,49.0,Education,16.0
Leadership focused on Human Flourishing,53209.0,Intermediate,English,149.0,Business,24.0
Automata Theory,53209.0,Advanced,English,129.0,Science,56.0
¡Conceptos básicos de Python para Data Science!,53209.0,Introductory,Spanish,49.0,Science,20.0
Herramientas para el Análisis de Big Data,8118.0,Intermediate,Spanish,49.0,Science,16.0
Foundations of Central Bank Law,6169.0,Intermediate,English,25.0,Education,24.0
C Programming: Modular Programming and Memory Management,18690.0,Introductory,English,49.0,Science,21.0
Enseñanza temprana de matemáticas y ciencias,8250.0,Introductory,Spanish,25.0,Education,20.0
Entrepreneurship 102: What can you do for your customer?,11275.0,Introductory,English,49.0,Business,30.0
Italian Language and Culture: Advanced (2019-2020),24667.0,Advanced,Italian,49.0,Education,48.0
Introduction to Marketing,53209.0,Introductory,English,149.0,Business,12.0
Origins of the Human Mind,11812.0,Introductory,English,49.0,Science,10.0
Introduction to Geometry,61824.0,Introductory,English,50.0,Education,70.0
The Future of Work: Preparing for Disruption,43125.0,Introductory,English,5.0,Business,20.0
Clinical Reasoning Process,5367.0,Introductory,English,149.0,Education,18.0
Datos para la efectividad de las políticas públicas,80425.0,Introductory,Spanish,25.0,Science,40.0
Media Law,7253.0,Introductory,English,249.0,Education,126.0
Líderes para la Gestión en Seguridad Ciudadana y Justicia,12826.0,Intermediate,Spanish,25.0,Education,40.0
"Diseña, fabrica y programa tu propio robot",25024.0,Introductory,Spanish,75.0,Science,54.0
Pivoting to Online Teaching: Research and Practitioner Perspectives,5289.0,Introductory,English,139.0,Education,24.0
Circular Economy: An Interdisciplinary Approach,10281.0,Advanced,English,149.0,Business,120.0
Calculus 1B: Integration,44669.0,Intermediate,English,100.0,Education,120.0
Algorithmic Design and Techniques,40620.0,Intermediate,English,99.0,Science,54.0
Drinking Water Treatment,51918.0,Intermediate,English,50.0,Science,49.0
Fundamentos de información financiera y contable,7789.0,Intermediate,Spanish,49.0,Business,30.0
Les principes de la finance,44037.0,Intermediate,French,150.0,Business,78.0
Music Technology Foundations,34550.0,Introductory,English,169.0,Science,12.0
The Entrepreneurial Mindset,31077.0,Introductory,English,149.0,Business,30.0
"Anatomy: Gastrointestinal, Reproductive and Endocrine Systems",26453.0,Introductory,English,49.0,Education,10.0
Risk Management and Credit Principles,9028.0,Advanced,English,199.0,Business,12.0
Steps in Japanese for Beginners1 Part3,6169.0,Introductory,English,99.0,Education,20.0
Structural Materials: Selection and Economics,9752.0,Introductory,English,50.0,Science,6.0
Algorithm Design and Analysis,39137.0,Intermediate,English,149.0,Science,28.0
Estructuras de Datos con Python,53209.0,Introductory,Spanish,49.0,Science,21.0
Mandarin Chinese for Business,12384.0,Intermediate,English,149.0,Education,42.0
Bases Matemáticas: Números y terminología,26060.0,Intermediate,Spanish,50.0,Education,16.0
Arab-Islamic History: From Tribes to Empires,17321.0,Introductory,English,149.0,Education,32.0
Human-Computer Interaction I: Fundamentals & Design Principles,9010.0,Introductory,English,99.0,Science,36.0
Modeling and simulation of multibody systems,53209.0,Intermediate,English,50.0,Science,140.0
The Science of Parenting,37538.0,Introductory,English,49.0,Education,20.0
Inclusive Teaching: Supporting All Students in the College Classroom,9899.0,Introductory,English,49.0,Education,12.0
Analytics for Decision Making,31031.0,Introductory,English,249.0,Business,20.0
Principios de Análisis e Instrumentos Financieros,53209.0,Intermediate,Spanish,49.0,Business,30.0
Energy Principles and Renewable Energy,19520.0,Advanced,English,375.0,Science,154.0
DNA: Biology’s Genetic Code,35162.0,Intermediate,English,169.0,Education,30.0
Music For Wellness,19728.0,Introductory,English,49.0,Education,16.0
Mining Massive Datasets,5311.0,Advanced,English,149.0,Science,56.0
Introduction to Electrical and Electronic Engineering - 電気電子工学入門 -,25041.0,Introductory,English,50.0,Science,8.0
A travel by Spanish America: Spanish for beginners,53209.0,Introductory,Spanish,49.0,Education,20.0
Introducción a la Inteligencia Artificial,11184.0,Introductory,Spanish,49.0,Science,16.0
Introducción a la Inteligencia Artificial: Principales Algoritmos,53209.0,Introductory,Spanish,49.0,Science,16.0
Digital Security and Human Rights,11443.0,Introductory,English,49.0,Education,6.0
Critical thinking: reasoned decision making,6923.0,Introductory,English,149.0,Business,24.0
Introduction to the Internet of Things,7581.0,Introductory,English,50.0,Science,36.0
Trading - Fundamentals of Technical Analysis,53209.0,Introductory,English,199.0,Business,12.0
Riñones: conoce sus funciones para mejorar tu salud y calidad de vida,20261.0,Introductory,Spanish,49.0,Education,24.0
Design Thinking: Empathizing to Understand the Problem,13340.0,Intermediate,English,299.0,Business,60.0
Storytelling in the Workplace,53209.0,Introductory,English,199.0,Comunication,15.0
Marketing Analytics: Price and Promotion Analytics,41021.0,Intermediate,English,249.0,Science,24.0
Implementation of Data Structures,27761.0,Intermediate,English,149.0,Science,42.0
Activism and Citizen Journalism through Media,7460.0,Introductory,English,49.0,Comunication,8.0
Electric and Conventional Vehicles,22089.0,Advanced,English,249.0,Science,90.0
Big Data Fundamentals,40106.0,Intermediate,English,199.0,Science,90.0
Sustainable Food Security: The value of systems thinking,26600.0,Introductory,English,49.0,Education,54.0
Knowledge Management and Big Data in Business,69064.0,Introductory,English,50.0,Business,56.0
Uso efectivo del tiempo,6409.0,Introductory,Spanish,49.0,Business,42.0
C Programming: Pointers and Memory Management,19171.0,Introductory,English,49.0,Science,21.0
Astrophysics: The Violent Universe,65711.0,Intermediate,English,50.0,Education,30.0
Landscape Ecology,8644.0,Intermediate,English,50.0,Education,42.0
IoT Programming and Big Data,21591.0,Introductory,English,199.0,Science,25.0
AWS: Getting Started with Cloud Security,8192.0,Introductory,English,49.0,Science,12.0
Introducción a la gravedad cuántica de lazos,7360.0,Introductory,Spanish,50.0,Science,30.0
Introduction to the Music Business,46607.0,Introductory,English,49.0,Business,18.0
Introducción a la programación en C: Tipos de datos y estructuras,13480.0,Introductory,Spanish,49.0,Science,12.0
Visualización de Datos y Storytelling,5980.0,Intermediate,Spanish,49.0,Science,16.0
Negociación exitosa: Estrategias y habilidades esenciales (en español),53209.0,Introductory,Spanish,49.0,Business,21.0
"Feeding a Hungry Planet: Agriculture, Nutrition and Sustainability",10488.0,Intermediate,English,49.0,Education,28.0
Macroeconomics - The Basics,53209.0,Introductory,English,79.0,Business,112.0
Fundamentals of Financial Mathematics and Capital Budgeting,5410.0,Introductory,English,99.0,Business,8.0
Gestión participativa: motivación y liderazgo organizacional,23441.0,Intermediate,Spanish,79.0,Business,32.0
Herramientas de ciencia de datos: uso práctico,53209.0,Introductory,Spanish,39.0,Science,35.0
Bienestar para el desarrollo personal y profesional,53209.0,Intermediate,Spanish,29.0,Health & Safety,30.0
Energía eléctrica: conceptos y principios básicos,9762.0,Intermediate,Spanish,49.0,Science,28.0
Market Segmentation Analysis,17055.0,Intermediate,English,99.0,Business,35.0
Pensamento crítico: tomada de decisões fundamentadas,53209.0,Introductory,Portuguese,149.0,Business,24.0
AP® English Literature & Composition – Part 2: Poems,5719.0,Introductory,English,49.0,Education,28.0
"Electrical, Optical & Magnetic Materials and Devices",16905.0,Intermediate,English,150.0,Science,160.0
Advanced Cardiac Imaging: Cardiac Computed Tomography (CT),53209.0,Introductory,English,99.0,Education,8.0
How to Design a Successful Business Model,33656.0,Introductory,English,99.0,Business,24.0
Ecodesign for Cities and Suburbs,28472.0,Introductory,English,99.0,Education,24.0
Agile Software Development,37158.0,Introductory,English,50.0,Science,12.0
Diseño de sistemas de información gerencial para intranet con Microsoft Access,9144.0,Intermediate,Spanish,49.0,Science,32.0
Essentials of Program Strategy and Evaluation,53209.0,Introductory,English,50.0,Business,32.0
Gestão de Projetos de Desenvolvimento,28337.0,Introductory,Portuguese,49.0,Business,40.0
Innovation: From Plan to Product,12918.0,Intermediate,English,249.0,Business,90.0
Introduction to Database Queries,53209.0,Introductory,English,166.0,Science,35.0
Climate Change: Carbon Capture and Storage,10551.0,Introductory,English,49.0,Science,10.0
Reservoir Geomechanics,5280.0,Introductory,English,129.0,Science,40.0
Fundamentos de administración estratégica,53209.0,Intermediate,Spanish,49.0,Business,30.0
IoT System Architecture: Design and Evaluation,5914.0,Introductory,English,99.0,Science,12.0
Noongar Language and Culture,10858.0,Introductory,English,139.0,Education,12.0
Sorting Truth From Fiction: Civic Online Reasoning,53209.0,Introductory,English,49.0,Education,12.0
Sustainable Food Security: Food Access,18943.0,Introductory,English,49.0,Education,42.0
Bases Matemáticas: Integrales,23703.0,Introductory,Spanish,50.0,Education,20.0
Epidemics II,8565.0,Introductory,English,139.0,Education,6.0
Derechos humanos: Los derechos de las personas refugiadas,28398.0,Introductory,Spanish,49.0,Education,12.0
Sign Language Science: Factors Contributing to Natural Learning,53209.0,Introductory,English,99.0,Education,16.0
Big Data Analytics,43009.0,Intermediate,English,199.0,Science,90.0
"A-level Mathematics for Year 13 - Course 1: Functions, Sequences and Series, and Numerical Methods",6594.0,Intermediate,English,49.0,Education,21.0
ODS en la Agenda 2030 de las Naciones Unidas: Retos de los Objetivos de Desarrollo Sostenible,16028.0,Introductory,Spanish,25.0,Education,24.0
Achieving Product-Market Fit,53209.0,Introductory,English,199.0,Business,8.0
Culture and Law: The East Asian Perspective,53209.0,Introductory,English,49.0,Education,15.0
Fundamentals of Market Structure,32049.0,Introductory,English,25.0,Business,2.0
Protecting Children in Humanitarian Settings,7246.0,Intermediate,English,50.0,Education,48.0
How to Achieve the Sustainable Development Goals,12719.0,Intermediate,English,49.0,Education,35.0
Aprendizaje y Enseñanza en la Era Digital,16954.0,Intermediate,Spanish,49.0,Education,16.0
From Atoms to Stars: How Physics Explains Our World,15914.0,Intermediate,English,49.0,Education,8.0
The Threat of Nuclear Terrorism,53209.0,Introductory,English,50.0,Education,15.0
Introducción a Matemáticas para Finanzas y Negocios,53209.0,Advanced,Spanish,50.0,Business,30.0
Ingeniería de aeropuertos: diseño del lado aire según OACI (ICAO),53209.0,Intermediate,Spanish,75.0,Science,28.0
Liderazgo inclusivo,53209.0,Intermediate,Spanish,29.0,Business,20.0
مساق اللّغة العربيّة,53209.0,Introductory,Arabic,49.0,Education,32.0
"Architecture, Algorithms, and Protocols of a Quantum Computer and Quantum Internet",8330.0,Intermediate,English,79.0,Education,42.0
Contemporary Issues in World Politics,11426.0,Introductory,English,59.0,Education,35.0
More Fun with Prime Numbers,10604.0,Intermediate,English,49.0,Education,10.0
Enterprise Selling,5020.0,Introductory,English,149.0,Business,30.0
Climate Change: Financial Risks and Opportunities,9977.0,Intermediate,English,79.0,Business,24.0
Caer o No caer. El Secreto de las Estructuras.,20939.0,Introductory,Spanish,29.0,Science,16.0
Mandarin Chinese Level 2,8784.0,Introductory,English,149.0,Education,42.0
Design Thinking: Prototyping and User Testing,10769.0,Intermediate,English,299.0,Business,60.0
Bases Matemáticas: Derivadas,24301.0,Introductory,Spanish,50.0,Education,20.0
Buscar en Internet,27320.0,Introductory,Spanish,49.0,Science,28.0
Big Data and Education,14909.0,Advanced,English,169.0,Science,72.0
Model-Based Automotive Systems Engineering,13857.0,Advanced,English,249.0,Science,105.0
Introduction to Hyperledger Blockchain Technologies,138884.0,Introductory,English,199.0,Business,56.0
MathTrackX: Integral Calculus,53209.0,Introductory,English,79.0,Education,16.0
Solar Energy Engineering: Comprehensive Exams,53209.0,Advanced,English,250.0,Science,40.0
Mercados de capital y participantes claves,7210.0,Introductory,Spanish,49.0,Business,4.0
Introducción al desarrollo de videojuegos con Unity,27474.0,Intermediate,Spanish,50.0,Science,24.0
Incorporating Renewable Energy in Electricity Grids,10430.0,Intermediate,English,49.0,Science,24.0
Herramientas de la Inteligencia de Negocios,24130.0,Introductory,Spanish,49.0,Science,30.0
Overview & Management of Parkinson’s Disease,53209.0,Intermediate,English,49.0,Education,10.0
Conociendo los costos,53209.0,Intermediate,Spanish,49.0,Business,30.0
Sprint Planning for Faster Agile Team Delivery,10654.0,Advanced,English,199.0,Science,8.0
Introduction to Water and Climate,36320.0,Intermediate,English,50.0,Science,70.0
The Medieval Icelandic Sagas,11176.0,Intermediate,English,50.0,Education,12.0
Visual Presentation,53209.0,Introductory,English,199.0,Comunication,15.0
Community Engagement: Collaborating for Change,11818.0,Introductory,English,49.0,Education,18.0
Introducción al Internet de las Cosas (IoT),6322.0,Introductory,Spanish,50.0,Science,36.0
"Proteins: Alignment, Analysis and Structure",23560.0,Advanced,English,249.0,Education,72.0
AI Applications with Watson,9173.0,Intermediate,English,99.0,Science,9.0
Data Analytics and Visualization in Health Care,7304.0,Advanced,English,249.0,Science,72.0
Question Everything: Scientific Thinking in Real Life,34279.0,Introductory,English,59.0,Education,24.0
Introduction to Lifestyle Medicine,9002.0,Introductory,English,79.0,Education,64.0
"Social Work Practice with Individuals, Families, and Small Groups",16134.0,Advanced,English,199.0,Education,72.0
Gateway to Medicine: An Introduction to the Field of Medicine|走近医学,6938.0,Introductory,Chinese,49.0,Education,20.0
Indian & Tibetan River of Buddhism,6738.0,Intermediate,English,50.0,Education,36.0
Compostaje Orgánico en Casa,53209.0,Introductory,Spanish,29.0,Education,20.0
Financial Analysis for Decision Making,39156.0,Introductory,English,199.0,Business,20.0
Lifestyle Medicine Treatments of Chronic Disease – Part 1,5668.0,Intermediate,English,179.0,Education,24.0
Building Containerized Applications on AWS,6128.0,Intermediate,English,99.0,Science,15.0
Effective Communication for Program and Project Stakeholders and Teams,53209.0,Introductory,English,199.0,Business,20.0
Biobased Products for a Sustainable (Bio)economy,6951.0,Introductory,English,50.0,Education,60.0
Social Work Practice: Advocating Social Justice and Change,19603.0,Introductory,English,49.0,Education,10.0
Anthropology of Current World Issues,44821.0,Introductory,English,99.0,Education,27.0
Buyer Behaviour and Analysis,19717.0,Advanced,English,199.0,Comunication,108.0
Idea Development: Create and Implement Innovative Ideas,11501.0,Intermediate,English,249.0,Business,90.0
Analysis of Transport Phenomena I: Mathematical Methods,9169.0,Advanced,English,149.0,Science,187.0
Leading the Organization,14998.0,Intermediate,English,249.0,Business,90.0
"Financial Programming and Policies, Part 2: Program Design",19330.0,Intermediate,English,25.0,Business,49.0
Introduction to Open Source Networking Technologies,17436.0,Introductory,English,169.0,Science,56.0
Deep Learning Essentials,5018.0,Intermediate,English,149.0,Science,25.0
Estadística Aplicada a los Negocios,25295.0,Introductory,Spanish,49.0,Science,30.0
"English for Journalists, Part 2",22814.0,Intermediate,English,49.0,Comunication,20.0
Teaching & Learning in the Diverse Classroom,7104.0,Introductory,English,99.0,Education,15.0
Fundamentals of Microeconomics | Fundamentos de Microeconomía,18456.0,Introductory,English,129.0,Education,14.0
Migrating to the AWS Cloud,53209.0,Intermediate,English,49.0,Science,12.0
IoT Networks and Protocols,22136.0,Introductory,English,199.0,Science,25.0
"American Prophet: The Inner Life and Global Vision of Martin Luther King, Jr.",53209.0,Introductory,English,50.0,Education,33.0
China’s First Empires and the Rise of Buddhism,46053.0,Introductory,English,139.0,Education,30.0
Apnea y Trastornos del Sueño,14902.0,Introductory,Spanish,49.0,Health & Safety,100.0
Educación sobre el cambio climático,23253.0,Introductory,Spanish,25.0,Education,40.0
Quantum Mechanics: A First Course,53209.0,Advanced,English,149.0,Education,216.0
Urban Sewage Treatment,40408.0,Intermediate,English,50.0,Science,49.0
Doing Gender and Why it Matters,6826.0,Introductory,English,99.0,Education,12.0
Producción musical y su efecto en la composición,7869.0,Introductory,Spanish,49.0,Education,24.0
"Principle of Semiconductor Devices Part I: Semiconductors, PN Junctions and Bipolar Junction Transistors",12425.0,Intermediate,English,70.0,Science,24.0
"19th-Century Opera: Meyerbeer, Wagner, & Verdi",9340.0,Introductory,English,99.0,Education,24.0
Modelos predictivos con Machine Learning,5102.0,Intermediate,Spanish,49.0,Science,28.0
Quantitative Marketing Research,53209.0,Introductory,English,50.0,Business,20.0
Les fondements de la stratégie d’entreprise,33021.0,Introductory,French,150.0,Business,40.0
Solar Energy: Integration of Photovoltaic Systems in Microgrids,20068.0,Advanced,English,250.0,Science,90.0
"Automated Software Testing: Unit Testing, Coverage Criteria and Design for Testability",12630.0,Intermediate,English,99.0,Science,20.0
Probability and Statistics I:  A Gentle Introduction to Probability,53209.0,Intermediate,English,199.0,Science,24.0
Introducción a las ecuaciones diferenciales,9868.0,Intermediate,Spanish,49.0,Education,35.0
Agile Mindset Introduction,53209.0,Introductory,English,49.0,Science,6.0
Tropical coastal ecosystems,23031.0,Introductory,English,99.0,Education,36.0
Modern China’s Foundations: The Manchus and the Qing,47166.0,Introductory,English,139.0,Education,30.0
El método de ciencia de datos,53209.0,Introductory,Spanish,39.0,Science,35.0
AWS Developer: Deploying on AWS,25244.0,Advanced,English,149.0,Science,24.0
Autonomous Mobile Robots,62362.0,Intermediate,English,50.0,Science,90.0
Gestión por resultados para gobiernos subnacionales,65955.0,Introductory,Spanish,25.0,Business,40.0
Introduction to Sociology,10412.0,Introductory,English,139.0,Education,30.0
Transformación digital en las empresas,53209.0,Introductory,Spanish,49.0,Business,42.0
Desafios e oportunidades na economia digital,6913.0,Introductory,Portuguese,25.0,Business,20.0
"Cellular Solids Part 1: Structures, Properties and Engineering Applications",7186.0,Advanced,English,99.0,Science,108.0
Introduction to Statistical Methods for Gene Mapping,15419.0,Advanced,English,49.0,Science,8.0
Cómo vivir una vida saludable y activa,8990.0,Introductory,Spanish,49.0,Education,20.0
Mandarin Chinese Level 3,8418.0,Intermediate,English,149.0,Education,42.0
Databases: Advanced Topics in SQL,53209.0,Introductory,English,50.0,Science,18.0
Data for Effective Policy Making,13797.0,Introductory,English,25.0,Education,40.0
C Programming: Using Linux Tools and Libraries,13912.0,Intermediate,English,49.0,Science,28.0
Lernen objekt-orientierter Programmierung,10657.0,Introductory,German,49.0,Science,24.0
Cybersecurity: The CISO's View,21507.0,Introductory,English,199.0,Science,24.0
Fundamentals of Java EE Development,10129.0,Intermediate,English,99.0,Science,14.0
"Instructional Design: Digital Media, New Tools and Technology",16419.0,Intermediate,English,299.0,Education,72.0
Molecular Biology – Part 3: RNA Processing and Translation,16520.0,Advanced,English,99.0,Education,48.0
Power and Responsibility: Doing Philosophy with Superheroes,8517.0,Introductory,English,49.0,Education,15.0
Aprendizaje automático y ciencia de datos,13994.0,Intermediate,Spanish,50.0,Science,20.0
Sustainable Urban Freight Transport: A Global Perspective,7769.0,Introductory,English,50.0,Science,25.0
MathTrackX: Statistics,53209.0,Introductory,English,79.0,Education,16.0
Técnicas Cuantitativas y Cualitativas para la Investigación,29885.0,Intermediate,Spanish,65.0,Science,12.0
Strategic Applications of IT Project & Program Management,17914.0,Introductory,English,199.0,Business,24.0
Advanced Bioconductor,26063.0,Advanced,English,149.0,Science,12.0
What Every Provider Should Know: Clinical Fundamentals,53209.0,Introductory,English,50.0,Education,50.0
Análisis e interpretación de información económica y financiera,5891.0,Intermediate,Spanish,49.0,Business,35.0
AWS IoT: Developing and Deploying an Internet of Things,8884.0,Intermediate,English,99.0,Science,16.0
Measuring Sustainable Development,53209.0,Intermediate,English,25.0,Science,10.0
Embedded Systems - Shape The World: Multi-Threaded Interfacing,27814.0,Intermediate,English,49.0,Science,72.0
Hong Kong Cinema through a Global Lens | 全球化下的香港电影,12458.0,Introductory,English,50.0,Education,30.0
Image Processing and Analysis for Life Scientists,8621.0,Intermediate,English,199.0,Science,14.0
La protección del menor,7654.0,Introductory,Spanish,49.0,Education,20.0
Globalization: Past and Future,10127.0,Introductory,English,25.0,Education,12.0
Star Trek: Inspiring Culture and Technology,6521.0,Introductory,English,40.0,Education,14.0
Qué funciona en educación: políticas educativas basadas en evidencia,15701.0,Introductory,Spanish,25.0,Education,40.0
"Introduction to Cloud Development with HTML5, CSS3, and JavaScript",53209.0,Introductory,English,99.0,Science,8.0
Tools for Academic Engagement in Public Policy,5035.0,Introductory,English,199.0,Comunication,6.0
Theory of Change for Development,10736.0,Introductory,English,199.0,Education,28.0
Monozukuri: Making Things,53209.0,Introductory,English,49.0,Science,8.0
Drug Discovery & Medicinal Chemistry,53209.0,Intermediate,English,99.0,Education,30.0
Digital Biomaterials,53209.0,Introductory,English,149.0,Education,12.0
Natural Resources for Sustainable Development,9668.0,Intermediate,English,49.0,Science,60.0
Omnichannel Strategy and Management,15860.0,Intermediate,English,99.0,Business,16.0
General Overview of Cannabis and the Industry’s Outlook and Professions,5048.0,Introductory,English,199.0,Education,32.0
Amazon SageMaker: Simplifying Machine Learning Application Development,11765.0,Intermediate,English,99.0,Science,12.0
Formulación y nomenclatura de compuestos químicos,12748.0,Introductory,Spanish,49.0,Science,24.0
Introducción a la factura electrónica,5829.0,Intermediate,Spanish,50.0,Business,16.0
Demand and Supply Analytics,23585.0,Intermediate,English,249.0,Business,108.0
Advanced Algorithmics and Graph Theory with Python,13502.0,Intermediate,English,49.0,Science,18.0
Modern Japanese Architecture Part 1: From Meiji Restoration to the Pacific War,53209.0,Intermediate,English,59.0,Education,20.0
Diagramas UML estructurales para la Ingeniería del Software,5820.0,Introductory,Spanish,50.0,Science,20.0
"A-level Mathematics for Year 12 - Course 2: Calculus, Newton’s Laws and Hypothesis Testing",6232.0,Intermediate,English,49.0,Education,21.0
Fundamentos de Mecánica para Ingeniería,14219.0,Introductory,Spanish,49.0,Education,24.0
Leadership and Management for PM Practitioners in IT,21949.0,Introductory,English,199.0,Business,24.0
Entrepreneurship 103: Show Me The Money,15184.0,Introductory,English,300.0,Business,30.0
Historia de la ética,9383.0,Introductory,Spanish,29.0,Education,12.0
Drainage in Agriculture: controlling water and salt levels in the soil,53209.0,Advanced,English,49.0,Education,95.0
Radio para internet con Podcast: creación y conceptos básicos,6460.0,Introductory,Spanish,50.0,Comunication,24.0
Introducción a los circuitos eléctricos,11953.0,Intermediate,Spanish,49.0,Science,35.0
AP® Physics 1: Challenging Concepts,12145.0,Introductory,English,49.0,Education,24.0
Introduction to Java Programming – Part 2,71203.0,Introductory,English,99.0,Science,20.0
AP® Macroeconomics,29433.0,Introductory,English,49.0,Business,54.0
Climate Change Education,12056.0,Introductory,English,25.0,Education,40.0
"Introducción al griego clásico: verbos, oraciones y filosofía",53209.0,Introductory,Spanish,49.0,Education,20.0
Applied Deep Learning Capstone Project,8429.0,Advanced,English,99.0,Science,15.0
FinTech Ethics and Risks,10696.0,Introductory,English,199.0,Business,18.0
User Experience (UX) Design: Human Factors and Culture in Design | 设计的人因与文化,23828.0,Advanced,English,139.0,Science,21.0
The Conquest of Space: Space Exploration and Rocket Science,19926.0,Introductory,English,129.0,Science,28.0
Business Strategy and Operations in a Biobased Economy,53209.0,Advanced,English,149.0,Business,70.0
What Works in Education: Evidence-Based Education Policies,5540.0,Introductory,English,25.0,Education,40.0
Electric Cars: Business,14199.0,Intermediate,English,50.0,Business,16.0
Thermodynamics of Materials,53209.0,Intermediate,English,150.0,Science,160.0
Mechanics: Momentum and Energy,14846.0,Intermediate,English,49.0,Education,154.0
Co-Creating Sustainable Cities,12415.0,Advanced,English,49.0,Education,56.0
Cómo educar teniendo en cuenta la muerte,53209.0,Introductory,Spanish,49.0,Education,12.0
Introduction to Animal Ethics,6608.0,Introductory,English,49.0,Education,10.0
Teamwork & Collaboration,53209.0,Introductory,English,199.0,Comunication,15.0
Grant Writing and Crowdfunding for Public Libraries,12853.0,Introductory,English,49.0,Education,8.0
Leading Ambitious Teaching and Learning,24273.0,Advanced,English,199.0,Education,18.0
Financing Innovative Ventures,53209.0,Introductory,English,149.0,Business,8.0
"A-level Mathematics for Year 13 - Course 2: General Motion, Moments and Equilibrium, The Normal Distribution, Vectors, Differentiation Methods, Integration Methods and Differential Equations",53209.0,Intermediate,English,49.0,Education,21.0
Theories of Media and Technology,53209.0,Introductory,English,249.0,Education,126.0
Introducción a la Estructura de la Materia,11859.0,Introductory,Spanish,25.0,Science,16.0
"Batteries, Fuel Cells, and their Role in Modern Society",11865.0,Introductory,English,49.0,Science,18.0
Communication Skills for Dialoguing Across Difference,60943.0,Introductory,English,25.0,Comunication,2.0
Social Media: How Media Got Social,13616.0,Introductory,English,139.0,Comunication,8.0
"Portfolio Management, Governance, & the PMO",17299.0,Introductory,English,199.0,Business,24.0
edX101: Overview of Creating an edX Course,22327.0,Introductory,English,99.0,Education,2.0
"Soy docente, ¡qué miedo! Gestiona eficazmente tus emociones",53209.0,Introductory,Spanish,49.0,Education,16.0
Data Analysis for Decision Making,8342.0,Advanced,English,214.0,Business,63.0
UML Class Diagrams for Software Engineering,33710.0,Introductory,English,49.0,Science,12.0
Driving Digital Innovation through Experimentation,16904.0,Advanced,English,399.0,Science,24.0
Compilation Basics for Macroeconomic Statistics,6570.0,Introductory,English,25.0,Science,16.0
Seguridad Vial en América Latina y el Caribe: de la teoría a la acción,20189.0,Introductory,Spanish,25.0,Science,20.0
From Fossil Resources to Biomass: A Chemistry Perspective,5464.0,Advanced,English,149.0,Science,120.0
System Dynamics for Health Sciences,15157.0,Intermediate,English,139.0,Education,27.0
Internet de las cosas (IoT) y Big Data,53209.0,Intermediate,Spanish,49.0,Science,20.0
Introducción a Ciencias de Datos y Estadística Básica para Negocios,53209.0,Advanced,Spanish,50.0,Science,24.0
Introduction to Psychological Research Methods,17087.0,Introductory,English,99.0,Education,14.0
Sustainable Packaging in a Circular Economy,6277.0,Intermediate,English,50.0,Business,24.0
Design in Healthcare: Using Patient Journey Mapping,17946.0,Introductory,English,129.0,Business,32.0
"El manejo de plagas, malezas y enfermedades en los Sistemas de Siembra Directa",53209.0,Intermediate,Spanish,99.0,Education,24.0
"Electronic, Optical, and Magnetic Properties of Materials",9717.0,Advanced,English,150.0,Science,180.0
La España del Quijote,13277.0,Introductory,Spanish,19.0,Education,42.0
Risk Management for Projects,22269.0,Introductory,English,199.0,Business,10.0
Smithsonian’s Objects That Define America,9071.0,Introductory,English,50.0,Education,10.0
Creating Modern China: The Republican Period to the Present,43045.0,Introductory,English,139.0,Education,30.0
Discover Political Science,6573.0,Intermediate,English,50.0,Education,50.0
Data Science: Inferential Thinking through Simulations,17505.0,Introductory,English,199.0,Science,25.0
Programming for Data Science,41268.0,Introductory,English,199.0,Science,90.0
Public Sector Debt Statistics,53209.0,Intermediate,English,25.0,Business,42.0
Sensor Fusion and Non-linear Filtering for Automotive Systems,9709.0,Advanced,English,299.0,Science,90.0
Creación musical con Soundcool: Introducción,53209.0,Introductory,Spanish,30.0,Education,20.0
First Nights - Berlioz’s Symphonie Fantastique and Program Music in the 19th Century,8222.0,Introductory,English,49.0,Education,12.0
The Quantum Internet and Quantum Computers: How Will They Change the World?,15014.0,Introductory,English,50.0,Science,12.0
Research Methods: An Engineering Approach,20444.0,Introductory,English,169.0,Science,16.0
Idealismo filosófico y cosmovisiones: cómo hacer mundos con ideas,15349.0,Introductory,Spanish,49.0,Education,20.0
Rise to Leadership: Become a CEO,16719.0,Intermediate,English,199.0,Business,20.0
Building a Cybersecurity Toolkit,23275.0,Introductory,English,199.0,Science,24.0
Marketing your Android apps,53209.0,Intermediate,English,49.0,Science,35.0
Embedded Systems Essentials with Arm: Getting Started,53209.0,Intermediate,English,149.0,Science,24.0
Life with Diabetes,12318.0,Introductory,English,139.0,Education,20.0
Human Reproduction,5517.0,Intermediate,English,169.0,Education,12.0
Enabling Technologies for Data Science and Analytics: The Internet of Things,71290.0,Introductory,English,99.0,Science,40.0
Astrophysics: Exploring Exoplanets,48539.0,Intermediate,English,50.0,Education,27.0
Unconventional Reservoir Geomechanics,53209.0,Introductory,English,129.0,Science,70.0
Strategic Account Management,53209.0,Introductory,English,149.0,Business,30.0
PyTorch Basics for Machine Learning,53209.0,Introductory,English,39.0,Science,20.0
Diseño y Desarrollo de Recursos Multimedia para la Enseñanza Virtual,14266.0,Intermediate,Spanish,49.0,Education,16.0
Introduction to Cloud Foundry and Cloud Native Software Architecture,24444.0,Introductory,English,169.0,Science,56.0
Gestión de compras eficientes para tu empresa,53209.0,Introductory,Spanish,25.0,Science,20.0
Know HBV And HCV,53209.0,Introductory,English,50.0,Education,3.0
The Supreme Court & American Politics,6216.0,Introductory,English,29.0,Education,48.0
Sales Enablement & Analytics,53209.0,Introductory,English,149.0,Business,30.0
Inversión Extranjera como Motor del Desarrollo para América Latina y el Caribe,16423.0,Intermediate,Spanish,25.0,Business,40.0
Liderazgo en la empresa familiar,10969.0,Intermediate,Spanish,49.0,Business,48.0
Comparative Political Systems,6934.0,Introductory,English,59.0,Education,30.0
Introducción al Derecho en la vida cotidiana,53209.0,Introductory,Spanish,49.0,Education,30.0
Cloud Computing for Enterprises,27241.0,Intermediate,English,299.0,Science,72.0
Diversity and Social Justice in Social Work,11055.0,Advanced,English,199.0,Education,72.0
Public Library Marketing and Public Relations,7525.0,Introductory,English,49.0,Education,8.0
"Healthcare Finance, Economics and Risk",8006.0,Intermediate,English,199.0,Business,40.0
Reacciones Químicas y Cálculos Estequiométricos,8907.0,Introductory,Spanish,49.0,Science,24.0
Seeking Women’s Rights: Colonial Period to the Civil War,5157.0,Intermediate,English,50.0,Education,20.0
VideoX: Creating Video for the edX Platform,12159.0,Introductory,English,99.0,Education,6.0
Comisión de la Verdad Colombia,53209.0,Introductory,Spanish,29.0,Education,40.0
MathTrackX: Probability,53209.0,Introductory,English,79.0,Education,16.0
Health Informatics for better and safer healthcare,53209.0,Introductory,English,49.0,Health & Safety,16.0
Sign Language Science: Factors Contributing to Natural Change,53209.0,Introductory,English,99.0,Education,16.0
Accounting System Structure and Information Management,53209.0,Introductory,English,50.0,Business,8.0
Sustainable Development: The Post-Capitalist Order,7031.0,Introductory,English,49.0,Business,24.0
"Health Law, Policy, and Advocacy",6358.0,Intermediate,English,199.0,Education,40.0
Introduction to Haptics,53209.0,Introductory,English,129.0,Science,30.0
Gestión de inventario y portafolio,53209.0,Introductory,Spanish,25.0,Science,20.0
Understanding Nuclear Energy,16015.0,Intermediate,English,50.0,Science,30.0
Cómo Convertirse en un Líder Exitoso (Entrenamiento de Liderazgo Inclusivo),11431.0,Introductory,Spanish,50.0,Business,8.0
Decision Making Under Uncertainty: Introduction to Structured Expert Judgment,53209.0,Introductory,English,50.0,Business,30.0
AP® Calculus BC,8542.0,Introductory,English,49.0,Education,33.0
Advanced Linear Algebra: Foundations to Frontiers,53209.0,Advanced,English,49.0,Science,160.0
Entrepreneurial Opportunities,27182.0,Introductory,English,50.0,Business,10.0
Agua en América Latina: Abundancia en medio de la escasez mundial,38581.0,Introductory,Spanish,25.0,Education,40.0
Understanding Political Concepts,7421.0,Introductory,English,59.0,Education,30.0
How to Code: Complex Data,34190.0,Introductory,English,125.0,Science,12.0
Hypersonics – from Shock Waves to Scramjets,19043.0,Advanced,English,99.0,Science,24.0
Micro and Nanofabrication (MEMS),16094.0,Advanced,English,199.0,Science,28.0
Scientific Methods and Research,7501.0,Intermediate,English,49.0,Science,20.0
Customer Centric Marketing for Entrepreneurs,14003.0,Intermediate,English,149.0,Business,20.0
Dog Behavior: Problems and Solutions,16467.0,Intermediate,English,169.0,Education,21.0
The Business of Mining,20406.0,Introductory,English,139.0,Business,8.0
"Social Work Practice in Community Organization, Management and Policy/Evaluation",9522.0,Advanced,English,199.0,Education,72.0
The Business of Aging in the Longevity Economy,53209.0,Introductory,English,139.0,Education,8.0
Understanding the Australian Health Care System,8343.0,Introductory,English,59.0,Education,18.0
Age of Sustainable Development,10019.0,Intermediate,English,49.0,Education,70.0
Internationalization: Creating Digital Content for the World,53209.0,Advanced,English,199.0,Science,16.0
Multi-Object Tracking for Automotive Systems,8581.0,Advanced,English,249.0,Science,150.0
Economics and Policies in a Biobased Economy,53209.0,Advanced,English,149.0,Science,64.0
Strategic Leadership in Healthcare,6237.0,Intermediate,English,199.0,Business,40.0
Terrorism and Counterterrorism: An Introduction,14128.0,Introductory,English,49.0,Education,27.0
Exploring Psychology's Core Concepts|走进心理学,5741.0,Introductory,English,139.0,Education,24.0
Creating Virtual Reality (VR) Apps,22349.0,Intermediate,English,99.0,Science,36.0
Análisis Multivariable en SPSS,53209.0,Introductory,Spanish,49.0,Science,20.0
Steps in Japanese for Beginners2 Part1,53209.0,Introductory,English,99.0,Education,20.0
"Competencias para buscar, mantener y promocionar en un empleo",53209.0,Introductory,Spanish,49.0,Education,16.0
Dynamics and Control,27763.0,Introductory,English,50.0,Science,24.0
Finding Your Cybersecurity Career Path,19283.0,Introductory,English,199.0,Science,24.0
Introducción a la caligrafía y paleografía en archivos hispanos medievales y modernos,12674.0,Introductory,Spanish,29.0,Education,24.0
Mechanics: Rotational Dynamics,13183.0,Intermediate,English,49.0,Education,132.0
Applying Health Coaching in Patient Care,53209.0,Introductory,English,199.0,Education,24.0
Databases: Modeling and Theory,53209.0,Introductory,English,50.0,Science,18.0
"Islamic Banking: Principles, Practice and Risk Management",53209.0,Introductory,English,49.0,Business,16.0
Liderazgo orientado al florecimiento humano,7911.0,Introductory,Spanish,149.0,Business,24.0
Software Construction: Object-Oriented Design,23100.0,Intermediate,English,125.0,Science,54.0
"Introduction to Hyperledger Sovereign Identity Blockchain Solutions: Indy, Aries & Ursa",53209.0,Introductory,English,199.0,Science,14.0
Fondements de l’économie sociale et solidaire,53209.0,Intermediate,French,50.0,Education,24.0
The Civil War and Reconstruction - 1861 - 1865: A New Birth of Freedom,17941.0,Introductory,English,50.0,Education,84.0
Innovation Strategies for Electric Mobility: The StreetScooter Case,53209.0,Intermediate,English,99.0,Business,18.0
Sustainable Energy,53209.0,Advanced,English,149.0,Science,130.0
Designing and Leading Learning Systems,11895.0,Advanced,English,199.0,Education,24.0
How the U.S. Government Works & How to Get Involved,5930.0,Introductory,English,49.0,Education,24.0
Inspiring and Motivating Arts and Culture Teams,10817.0,Introductory,English,49.0,Business,20.0
Principles of Microeconomics: An Economist Way of Thinking,53209.0,Intermediate,English,149.0,Business,12.0
A System View of Communications: From Signals to Packets (Part 1),34261.0,Introductory,English,60.0,Science,35.0
"Invasions, Rebellions, and the Fall of Imperial China",41537.0,Introductory,English,139.0,Education,30.0
AP® English Literature & Composition – Part 3: Plays,6443.0,Introductory,English,49.0,Education,28.0
Cómo implantar grupos de mejora de procesos,28100.0,Introductory,Spanish,150.0,Business,32.0
Proteins: Biology's Workforce,25893.0,Intermediate,English,169.0,Education,25.0
Introducción a los ritmos y relojes biológicos,6149.0,Introductory,Spanish,50.0,Science,28.0
Linear Algebra I: Linear Equations,53209.0,Intermediate,English,199.0,Education,18.0
"Fundamentals of Biomedical Imaging: Ultrasounds, X-ray, positron emission tomography (PET) and applications",10205.0,Advanced,English,169.0,Science,28.0
Fundamentos de Electromagnetismo para Ingeniería,15040.0,Introductory,Spanish,49.0,Education,28.0
Sustainable Food Systems: A Mediterranean Perspective,6480.0,Intermediate,English,49.0,Business,30.0
Scripting and Programming Foundations,53209.0,Introductory,English,300.0,Science,80.0
Using GPUs to Scale and Speed-up Deep Learning,9294.0,Intermediate,English,99.0,Science,15.0
StudioX: Creating a Course with edX Studio,20355.0,Introductory,English,99.0,Education,15.0
The Power of Data,53209.0,Introductory,English,49.0,Science,6.0
Introducción a las ondas gravitacionales,8657.0,Introductory,Spanish,50.0,Science,24.0
Drones and Autonomous Systems 2: Applications in Emergency Management,53209.0,Intermediate,English,149.0,Science,12.0
MathTrackX: Differential Calculus,53209.0,Introductory,English,79.0,Education,16.0
Global China: From the Mongols to the Ming,41902.0,Introductory,English,139.0,Education,30.0
Leaders in Citizen Security and Justice Management for the Caribbean,53209.0,Intermediate,English,25.0,Education,40.0
Pattern Studying and Making | 图案审美与创作,53209.0,Introductory,Chinese,139.0,Education,48.0
Computational Neuroscience: Neuronal Dynamics of Cognition,11246.0,Advanced,English,139.0,Education,30.0
Cities and the Challenge of Sustainable Development,8775.0,Introductory,English,25.0,Education,2.0
MathTrackX: Special Functions,53209.0,Introductory,English,79.0,Education,16.0
